Zomi,English,Myanmar
ZOLAI SIMBU TAN KHAT (Sinna),Zomi Primer Book One (Learning),ဇိုစာ ဖတ်စာအုပ် တန်းပထမ (သင်ခန်းစာ)
ZOLAI SIMBU KOMITI,Zomi Primer Book Committee,ဇိုစာ ဖတ်စာအုပ် ကော်မတီ
Thu Masa,Foreword / Introduction,အမှာစာ
"Kampau in minam kemcinga, lai in minam kampau, ngeina le tangthute kemcing hi.","Language preserves a nation, literature preserves a nation's language, culture, and history.",စကားသည် လူမျိုးကို ထိန်းသိမ်းပြီး၊ စာပေသည် လူမျိုး၏ စကား၊ ယဉ်ကျေးမှုနှင့် သမိုင်းကို ထိန်းသိမ်းသည်။
"Ei, Zomite in i kampau, i ngeina le i tangthûte akhang akhanga kam bek tawh i ciamteh ciangin a mangthang tampi om khin hi.","We, the Zomi people, if we only preserve our language, culture, and history verbally from generation to generation, much has already been lost.",ကျွန်ုပ်တို့ ဇိုလူမျိုးတို့သည် မိမိတို့၏ စကား၊ ယဉ်ကျေးမှုနှင့် သမိုင်းကို နှုတ်ဖြင့်သာ တစ်ခေတ်ပြီးတစ်ခေတ် လက်ဆင့်ကမ်း မှတ်သားမည်ဆိုပါက များစွာ ပျောက်ဆုံးသွားပြီဖြစ်သည်။
"Tua hi-a i kam ciik, i ngeina le i tangthu hoih tampitak laibu a neih ding kisam ta hi.","Therefore, it is now necessary to have many good books about our profound language, culture, and history.",ထို့ကြောင့် ကျွန်ုပ်တို့၏ နက်ရှိုင်းသော စကား၊ ယဉ်ကျေးမှုနှင့် သမိုင်းကြောင်းဆိုင်ရာ စာအုပ်ကောင်းများစွာ ရှိရန် လိုအပ်လာပြီဖြစ်သည်။
Tua ahimanin tutungin Amerika-a om Zomi Baptist Church in Zolai i kepcing zawh mading deihna tawh Zolai Simbu Bawl Komiti-te bawlsa hih Zolai Simbute khet kik nading sum hong sik uh ahi manin i mibup in lungdamna i ko hi.,"Because of this, we express our gratitude on behalf of all the people to the Zomi Baptist Church in America for providing the funds to reprint these Zomi Primer books made by the Zomi Primer Book Committee, with the desire to preserve the Zomi language.",ထို့ကြောင့် ဇိုစာကို ထိန်းသိမ်းလိုသော ဆန္ဒဖြင့် ဇိုစာဖတ်စာအုပ် ကော်မတီမှ ပြုစုထားသော ဤဇိုဖတ်စာအုပ်များကို ပြန်လည်ပုံနှိပ်ရန် အမေရိကန်ပြည်ထောင်စုရှိ Zomi Baptist Church မှ ရန်ပုံငွေများ ပံ့ပိုးပေးသည့်အတွက် လူထုတစ်ရပ်လုံးကိုယ်စား ကျေးဇူးတင်ရှိပါကြောင်း ပြောကြားအပ်ပါသည်။
Tua banah kum sima Zolai Simbu i neih zawh nadinga a hanciam den H. Gin En Cin tung le i tu i tate Zolai hong hilhsak Zolai siate tungah Zomi bup i lungdam hi.,"In addition, the whole Zomi nation is grateful to H. Gin En Cin, who constantly strives so we can have the Zomi Primer every year, and to the Zomi teachers who teach Zomi to our children.",ထို့အပြင် နှစ်စဉ် ဇိုဖတ်စာအုပ် ရရှိနိုင်ရန် အစဉ်တစိုက် ကြိုးပမ်းပေးသော H. Gin En Cin နှင့် ကျွန်ုပ်တို့၏ သားသမီးများကို ဇိုစာ သင်ကြားပေးသော ဇိုစာပြဆရာများအား ဇိုတစ်မျိုးသားလုံးက ကျေးဇူးတင်ရှိပါသည်။
Mailamah Zomite thutak tawh khangto a thuhoih fampi Zolai a i neih zawh nadingin i hanciam lai ding hi.,"In the future, we will continue to strive so that the Zomi people can develop with truth and we can have many good books in Zomi.",နောင်အနာဂတ်တွင် ဇိုလူမျိုးများ သမ္မာတရားဖြင့် တိုးတက်စေရန်နှင့် ဇိုစာဖြင့် စာအုပ်ကောင်းများစွာ ရရှိနိုင်ရန် ကျွန်ုပ်တို့ ဆက်လက်ကြိုးပမ်းသွားမည်ဖြစ်သည်။
THEIH DING,Things to Know,သိမှတ်ဖွယ်ရာ
Kamvuicing khat gelh simin laimal masa pen a gol hi ding hi.,"When writing a complete sentence, the first letter must be capitalized.",ဝါကျတစ်ကြောင်း ရေးတိုင်း ပထမဆုံး စာလုံးကို အကြီးဖြင့် ရေးရမည်။
"Mi min gelh ciangin a malmalin kigelh ding a, a mal masa pen laimalpi hi ding hi.","When writing a person's name, it must be written word by word, and the first letter must be capitalized.",လူအမည်ကို ရေးသောအခါ တစ်လုံးချင်း ခွဲရေးရမည်ဖြစ်ပြီး ပထမဆုံး စာလုံးကို အကြီးဖြင့် ရေးရမည်။
"Minno a kigelh ciangin laimal masa pen laimal pi hi ding a, a vekin kimat khin ding hi.","When writing a nickname/small name, the first letter must be capitalized, and all letters must be joined together.",နာမည်ပြောင်/အမည်ငယ် ရေးသောအခါ ပထမဆုံး စာလုံးကို အကြီးဖြင့် ရေးရမည်ဖြစ်ပြီး အားလုံးကို ဆက်ရေးရမည်။
Kamhonna a om ciangin kamhonna mai-a laimal masa pen laimalpi hi ding hi.,"When there is an opening quotation mark, the first letter after it must be capitalized.",အဖွင့် မျက်တောင်ကွင်း ပါရှိပါက ယင်းနောက်မှ ပထမဆုံး စာလုံးကို အကြီးဖြင့် ရေးရမည်။
"Khua min, gun min, mual min a kipan nate min a kigelh ciangin laimal masa pen laimalpi hi dinga a vekin kimat khin ding hi.","When writing the names of villages, rivers, mountains, etc., the first letter must be capitalized, and all letters must be joined together.",ရွာအမည်၊ မြစ်အမည်၊ တောင်အမည် စသည်တို့ကို ရေးသောအခါ ပထမဆုံး စာလုံးကို အကြီးဖြင့် ရေးရမည်ဖြစ်ပြီး အားလုံးကို ဆက်ရေးရမည်။
Hih lai simbu sunga SINDING a kici teng sangnaupangte in hoih taka a theih khit ciangun SINNA-te sinsak pan ding hi.,Only after the students have well understood all the 'THINGS TO LEARN' in this primer book should they be taught the 'LESSONS'.,ဤဖတ်စာအုပ်ပါ 'သင်ယူရန်' ဆိုသည့်အရာအားလုံးကို ကျောင်းသားများ သေချာစွာ နားလည်ပြီးမှသာ 'သင်ခန်းစာ' များကို သင်ကြားပေးရမည်။
LAIMAL BULPITE,Main Alphabets,အခြေခံ အက္ခရာများ
LAIMAL PITE: A B C D E F G H I J K L M N O P Q R S T U V W X Y Z,Capital Letters: A B C D E F G H I J K L M N O P Q R S T U V W X Y Z,အက္ခရာအကြီး: A B C D E F G H I J K L M N O P Q R S T U V W X Y Z
LAIMAL NOTE: a b c d e f g h i j k l m n o p q r s t u v w x y z,Small Letters: a b c d e f g h i j k l m n o p q r s t u v w x y z,အက္ခရာအသေး: a b c d e f g h i j k l m n o p q r s t u v w x y z
AW SUAKSAKTE,Vowels,သရများ
a e i o u aw,a e i o u aw,a e i o u aw
SINNA 1,Lesson 1,သင်ခန်းစာ ၁
Mai gah ka duh hi.,I like pumpkin.,ကျွန်တော် ရွှေဖရုံသီး ကြိုက်တယ်။
Hakai a gai zo hi.,The mango tree has borne fruit.,သရက်ပင် သီးနေပြီ။
Akno a khe a bai hi.,The chick's leg is lame.,ကြက်ပေါက်စ ခြေထောက် ကျိုးနေတယ်။
Ka pu in sai a ai hi.,My grandfather charms the elephant.,ကျွန်တော့်အဘိုးက ဆင်ကို ဖမ်းတယ်။
Ka pa in dai a kai hi.,My father builds a fence.,ကျွန်တော့်အဖေ ခြံစည်းရိုး ခတ်တယ်။
Tano in hai gah a ne hi.,The child eats the mango.,ကလေးက သရက်သီး စားတယ်။
Laitaipa a pai baih hi.,The postman comes early.,စာပို့သမားက စောစောလာတယ်။
Lo kho pa in khai ci a tuh hi.,The farmer plants seeds.,တောင်သူက မျိုးစေ့ ကြဲတယ်။
Ka pa lo a vai pi za pha hi.,My father's farm is very large.,ကျွန်တော့်အဖေရဲ့ တောင်ယာက အရမ်းကျယ်တယ်။
Migi in a nu thu a ngai hi.,A good person listens to their mother.,လူလိမ္မာက သူ့အမေစကားကို နားထောင်တယ်။
SINNA 2,Lesson 2,သင်ခန်းစာ ၂
A nu aw a thei hi.,He knows his mother's voice.,သူ့အမေရဲ့အသံကို သူသိတယ်။
Na pu zu leih in.,Pour wine for your grandfather.,မင်းအဘိုးကို အရက်ငှဲ့ပေးပါ။
Nai ka nei nai kei hi.,I don't have a watch yet.,ငါ့မှာ နာရီ မရှိသေးဘူး။
Tu ni-in meii a kai hi.,It is cloudy today.,ဒီနေ့ တိမ်ထူတယ်။
Li vei ka khe a na hi.,My leg hurts for the fourth time.,လေးကြိမ်မြောက် ငါ့ခြေထောက် နာတယ်။
Na inn ka mu nai kei hi.,I haven't seen your house yet.,မင်းအိမ်ကို ငါ မတွေ့သေးဘူး။
Ka pa in hei a deih hi.,My father wants an axe.,ငါ့အဖေက ပုဆိန် လိုချင်တယ်။
Zulei in theigah a ne hi.,The squirrel eats fruit.,ရှဉ့်က သစ်သီးစားတယ်။
Meigei ah meilah a om hi.,There is a fire tong near the fire.,မီးဖိုနားမှာ မီးညှပ် ရှိတယ်။
"Ka leii a na a, za ka lei hi.","My tongue hurts, so I bought medicine.",ငါ့လျှာနာလို့ ဆေးဝယ်တယ်။
SINNA 3,Lesson 3,သင်ခန်းစာ ၃
Ngapi thau ne in.,Eat the fatty fish paste.,ငါးပိ အဆီ စားပါ။
Beli a gau ta hi.,The pot is dry now.,အိုး ခမ်းသွားပြီ။
Ka nau a lau kei hi.,My younger sibling is not afraid.,ကျွန်တော့် ညီ/ညီမ မကြောက်ဘူး။
An kihau in ki-um hi.,We have plenty of food and eat together.,အစားအစာပေါများပြီး အတူတကွ စားသောက်ကြတယ်။
Ka nu in tau a deih hi.,My mother wants a bronze pot.,ကျွန်တော့်အမေ ကြေးအိုး လိုချင်တယ်။
Kau in kha li a nei hi.,The locust has four wings.,ကျိုင်းကောင်မှာ အတောင်ပံ လေးခုရှိတယ်။
Pau Hau in thau a nei hi.,Pau Hau has a gun.,ပေါင်ဟောက်မှာ သေနတ်တစ်လက် ရှိတယ်။
Ka pa teipi a sau hi.,My father's spear is long.,ငါ့အဖေရဲ့ လှံက ရှည်တယ်။
Ngau mei a sau hi.,The monkey's tail is long.,မျောက်ရဲ့ အမြီးက ရှည်တယ်။
Khau-in a khih hi.,Tie it with a rope.,ကြိုးနဲ့ ချည်ထားပါ။
SINNA 4,Lesson 4,သင်ခန်းစာ ၄
Akno a keuh hi.,The chick hatches.,ကြက်ပေါက်စ ပေါက်လာတယ်။
Lawhta a neu hi.,The bird is small.,ငှက်ကလေးက သေးငယ်တယ်။
Lawhbeu va la in.,Go get the trap.,ထောင်ချောက် သွားယူပါ။
Guah a theu zo hi.,The rain has stopped.,မိုးတိတ်သွားပြီ။
Leikheu bu ka mu hi.,I see a grasshopper's nest.,နှံကောင်သိုက်ကို ငါတွေ့တယ်။
Keu-in an ka ne hi.,I eat food dryly.,ထမင်းကို ခြောက်သွေ့စွာ စားတယ်။
Buh seu za ka nei uh hi.,We have plenty of paddy.,ငါတို့မှာ စပါး အများကြီး ရှိတယ်။
Zawhngeu in no nih a nei hi.,The cat has two kittens.,ကြောင်မှာ ကြောင်လေး နှစ်ကောင်ရှိတယ်။
"Ni sa a, lei a keu leuleu hi.","The sun shines, and the earth dries up again.",နေပူလို့ မြေကြီး ပြန်ခြောက်သွေ့သွားတယ်။
A neu lai-in a nu thu a ngai hi.,"When he was young, he listened to his mother.",ငယ်စဉ်ကတည်းက သူ့အမေစကားကို နားထောင်တယ်။
Sa peuh buh peuh gah peuh ka ne hi.,"I eat any meat, paddy, or fruit.",အသား၊ စပါး၊ အသီး ဘာမဆို စားတယ်။
SINNA 5,Lesson 5,သင်ခန်းစာ ၅
Thusia na pau kei in.,Do not speak bad words.,မကောင်းသောစကား မပြောပါနှင့်။
Siapa inn ah a ciah hi.,The teacher went home.,ဆရာ အိမ်ပြန်သွားတယ်။
Bi inn a sia baih hi.,The church gets damaged easily.,ဘုရားကျောင်းက အလွယ်တကူ ပျက်စီးတယ်။
Thadahte a zia kai hi.,Lazy people are slow.,ပျင်းရိသူတွေက နှေးကွေးတယ်။
Ka nu in an a diah hi.,My mother soaks the rice.,ငါ့အမေက ဆန်စိမ်တယ်။
Laito ah lai kikhia hi.,Mail is dropped at the post office.,စာတိုက်မှာ စာထည့်တယ်။
Na lai na nau na pia in.,Give your book to your younger sibling.,မင်းရဲ့စာအုပ်ကို မင်းရဲ့ညီ/ညီမကို ပေးပါ။
Ngia in ngasa a ne kei hi.,The wild cat does not eat fish.,တောကြောင်က ငါးမစားဘူး။
"Hiah tu in la, pau kei in.",Sit here and do not speak.,ဒီမှာထိုင်ပြီး စကားမပြောပါနဲ့။
"I pute, i pate in dawi a bia uh hi.",Our ancestors worshipped spirits.,ငါတို့ ဘိုးဘွားတွေက နတ်ကိုးကွယ်ခဲ့ကြတယ်။
SINNA 6,Lesson 6,သင်ခန်းစာ ၆
Na nau kiu kei in.,Do not elbow your younger sibling.,မင်းရဲ့ ညီ/ညီမကို တံတောင်နဲ့ မတွတ်ပါနဲ့။
Ka pa a kiu a na hi.,My father's elbow hurts.,ငါ့အဖေရဲ့ တံတောင်ဆစ် နာတယ်။
Buh a vui ta hi.,The paddy is bearing grains.,စပါးနှံ ထွက်နေပြီ။
Ata in a pa a zui hi.,The child follows his father.,ကလေးက သူ့အဖေနောက် လိုက်တယ်။
Lui ah ngasa a siah hi.,He caught fish in the river.,မြစ်ထဲမှာ ငါးဖမ်းတယ်။
Buipi in lei a kei hi.,The mole digs the earth.,ပွေးက မြေကြီးကို တူးတယ်။
Na nu mui peipei kei in.,Do not tease your mother.,မင်းအမေကို မစနောက်ပါနဲ့။
Tui zeu ah ngasa a kah hi.,The fish swims up the waterfall.,ငါးက ရေတံခွန်ကို ဆန်တက်တယ်။
Sihui zui-in si a pai hi.,"Following the blood trail, the blood flows.",သွေးကြောင်းလိုက်ပြီး သွေးစီးတယ်။
"Ka pu khuisa a, ka pi a nui hi.","My grandfather teased, and my grandmother laughed.",ငါ့အဘိုးက စနောက်တော့ ငါ့အဘွားက ရယ်တယ်။
SINNA 7,Lesson 7,သင်ခန်းစာ ၇
Laitui a bua hi.,The ink spilled.,မင်ရည် ဖိတ်ကျသွားတယ်။
Ka nau ka pua hi.,I carry my younger sibling.,ကျွန်တော့် ညီ/ညီမကို ကျွန်တော် ကျောပိုးတယ်။
Zusa kua ka to hi.,I dig a rat hole.,ကြွက်တွင်းကို ငါတူးတယ်။
"Pateh gui a, a lua hi.",The yam vine is poisonous.,ပိန်းဥနွယ်က အဆိပ်ရှိတယ်။
Khua gei ah gua a po hi.,Bamboo grows near the village.,ရွာနားမှာ ဝါးပင် ပေါက်တယ်။
Ka pa inn luah ka hi hi.,I am the heir of my father's house.,ငါဟာ အဖေ့အိမ်ကို အမွေဆက်ခံသူဖြစ်တယ်။
Ka pa in nai a puah hi.,My father repairs the watch.,ငါ့အဖေက နာရီ ပြင်တယ်။
"Tun. in meii kai a, guah a zu hi.","Today is cloudy, and it is raining.",ဒီနေ့ တိမ်ထူပြီး မိုးရွာတယ်။
Laitai pa in lukhu a nei thuah hi.,The postman has an extra hat.,စာပို့သမားမှာ ဦးထုပ် ပိုပါလာတယ်။
"Ka nau neu lua a, a pai thei nai kei hi.",My younger sibling is too young and cannot walk yet.,ငါ့ညီ/ညီမက ငယ်လွန်းလို့ လမ်းမလျှောက်နိုင်သေးဘူး။
SINNA 8,Lesson 8,သင်ခန်းစာ ၈
Kaphi ka gawi uh hi.,We grind coffee.,ကျွန်တော်တို့ ကော်ဖီ ကြိတ်တယ်။
Vasa bu ka hawi hi.,I look at the bird's nest.,ငှက်သိုက်ကို ကျွန်တော် ကြည့်တယ်။
Boih mei a sau kei hi.,The monkey's tail is not long.,မျောက်အမြီးက မရှည်ဘူး။
Ka u in ngawi a dawh hi.,My older sibling sets a fish trap.,ငါ့အစ်ကိုက ငါးဖမ်းထောင်ချောက် ဆင်တယ်။
"Ngasa khawi a, a hau hi.",He breeds fish and becomes rich.,သူက ငါးမွေးပြီး ချမ်းသာလာတယ်။
Laibu a hoihin koih in.,Keep the book properly.,စာအုပ်ကို သေချာ သိမ်းထားပါ။
Zato ah cinate kikhoi hi.,Patients are treated in the hospital.,လူနာတွေကို ဆေးရုံမှာ ကုသတယ်။
Dawisapa in dawi a thoih hi.,The shaman makes an offering to the spirit.,နတ်ဆရာက နတ်တင်တယ်။
Ka nau tawh tui ka tawi uh hi.,My younger sibling and I carry water.,ငါနဲ့ ငါ့ညီ/ညီမ ရေခပ်တယ်။
"Lawi tawh lo kho a, an a hau hi.",He farms with a buffalo and has plenty of food.,ကျွဲနဲ့ လယ်ထွန်ပြီး အစားအစာ ပေါများတယ်။
SIMKIKNA,Review,ပြန်လည်သုံးသပ်ခြင်း
Mei-am na khoih kei in.,Do not touch the hot coals.,မီးခဲကို မကိုင်ပါနဲ့။
"Lo za kho a, an a hau hi.",He farms a wide field and has plenty of food.,လယ်ကျယ်ကျယ်ထွန်ပြီး အစားအစာ ပေါများတယ်။
Khau sau lua kikai-awk hi.,The long rope gets tangled.,ကြိုးရှည်လွန်းလို့ ရှုပ်ထွေးသွားတယ်။
"Tho baih in la, mei tawh in.",Get up early and make a fire.,စောစောထပြီး မီးမွှေးပါ။
"Radio ngai a, thu a thei hi.","Listening to the radio, he knows the news.",ရေဒီယိုနားထောင်ပြီး သတင်းသိတယ်။
Khapi ah mi a kah thei ta hi.,People can now go to the moon.,လူတွေ လပေါ်ကို သွားနိုင်နေပြီ။
Laito ah lailu kilei thei hi.,Stamps can be bought at the post office.,စာတိုက်မှာ တံဆိပ်ခေါင်း ဝယ်လို့ရတယ်။
"Khuapi guah zu a, khaici a tuh hi.","Heavy rain falls, and seeds are planted.",မိုးသည်းထန်စွာရွာပြီး မျိုးစေ့ ကြဲတယ်။
"Mi mai ah khuh kei-inla, ik kei in.",Do not cough or hiccup in front of people.,လူရှေ့မှာ မချောင်းဆိုးပါနဲ့၊ မကြို့ထိုးပါနဲ့။
Zawhngeu in a no a tuah kawikawi thei hi.,The cat can move its kittens around.,ကြောင်က သူ့ကြောင်လေးတွေကို နေရာရွှေ့ပြောင်းနိုင်တယ်။
SINNA 9,Lesson 9,သင်ခန်းစာ ၉
Kamsia na zang kei in.,Do not use bad words.,မကောင်းသောစကား မသုံးပါနှင့်။
Saham in ngasa a ne hi.,The otter eats fish.,ဖျံက ငါးကို စားတယ်။
Falam khua a gamla hi.,Falam town is far away.,ဖလမ်းမြို့က ဝေးတယ်။
Zan in bak a gam ta hi.,Bats fly out at night.,ညဘက် လင်းနို့တွေ ထွက်တယ်။
Gamlak-ah ka pai ngam kei hi.,I dare not go into the forest.,တောထဲကို ငါ မသွားရဲဘူး။
Nungak khat lokho ka mu hi.,I see a young woman farming.,လယ်ထွန်နေတဲ့ မိန်းမပျိုတစ်ယောက်ကို ငါတွေ့တယ်။
Tangval pa an lak ah a vak hi.,The young man walks among the crops.,လူပျိုက စိုက်ခင်းထဲမှာ လမ်းလျှောက်တယ်။
Thumangte in lai a thei baih uh hi.,Obedient people learn easily.,စကားနားထောင်သူတွေက ပညာလွယ်လွယ်တတ်တယ်။
Nidang lai-in sang tampi a om kei hi.,"In the past, there were not many schools.",အရင်တုန်းက ကျောင်း သိပ်မရှိဘူး။
Tu-in sang tampi a om hi.,Now there are many schools.,အခုတော့ ကျောင်းတွေ အများကြီးရှိတယ်။
SINNA 10,Lesson 10,သင်ခန်းစာ ၁၀
Na mawhna kisik kik in.,Repent your sins.,သင်၏ အပြစ်များကို နောင်တရပါ။
Mi mai ah limpha na hi in.,Be a good example in front of others.,သူတစ်ပါးရှေ့မှာ စံပြဖြစ်ပါစေ။
Bilpi tai a hat mahmah hi.,The rabbit runs very fast.,ယုန်က အရမ်းပြေးမြန်တယ်။
Singkang tawh mei a tawh hi.,He makes a fire with dry wood.,ထင်းခြောက်နဲ့ မီးမွှေးတယ်။
Ka pa in tang le vaimim a ciing hi.,My father plants paddy and corn.,ငါ့အဖေက စပါးနဲ့ ပြောင်းဖူး စိုက်တယ်။
Sangsiate in lai a hilh uh hi.,Teachers teach lessons.,ဆရာ၊ ဆရာမများက စာသင်ပေးတယ်။
Pilna ka ngah nading in lai ka sin hi.,I study to gain knowledge.,ပညာရဖို့ ငါ စာသင်တယ်။
Zingsang simin tho baih a lai a sim hi.,Every morning he gets up early and reads.,မနက်တိုင်း စောစောထပြီး စာဖတ်တယ်။
Ni simin lai na sim leh na pil ding hi.,"If you read every day, you will be smart.",နေ့တိုင်း စာဖတ်ရင် သင် ပညာတတ်လာမယ်။
"Zinling a mihing, ganhing tampi a si hi.","An earthquake occurred, and many people and animals died.",ငလျင်လှုပ်ပြီး လူနဲ့ တိရစ္ဆာန် အများကြီး သေဆုံးတယ်။
SINNA 11,Lesson 11,သင်ခန်းစာ ၁၁
Lam pelh a zui hi.,He took the wrong path.,သူ လမ်းမှား လိုက်သွားတယ်။
A mel a hoih hi.,Her face is beautiful.,သူမရဲ့ ရုပ်ဆင်းသွင်ပြင် လှပတယ်။
Taubel a to mahmah hi.,The bronze pot is very short/small.,ကြေးအိုးက အရမ်းတိုတယ်။
Kawin lai kibelh hi.,The paper is glued to the wall.,စာရွက်ကို နံရံမှာ ကပ်ထားတယ်။
Thukhente in thu a khen uh hi.,The judges judge the case.,တရားသူကြီးတွေက အမှုစစ်ဆေးတယ်။
Ka pa in tem in naang a lem hi.,My father cuts bamboo with a knife.,ငါ့အဖေက ဓားနဲ့ ဝါးကို ခုတ်တယ်။
Ka khua aveng a vengin kikhen hi.,My village is divided into wards.,ငါ့ရွာကို ရပ်ကွက်တွေ ခွဲထားတယ်။
Inntekpa in migilopa a delh pah hi.,The house owner immediately chases the bad guy.,အိမ်ရှင်က လူဆိုးကို ချက်ချင်း လိုက်ဖမ်းတယ်။
Tedim khua in Zomite' khuapi khat ahi hi.,Tedim town is a main town for the Zomi people.,တီးတိန်မြို့သည် ဇိုလူမျိုးများ၏ မြို့ကြီးတစ်မြို့ ဖြစ်သည်။
Ka khua ah mi a ten zawh khang tampi a pha hi.,People have lived in my village for many generations.,ငါ့ရွာမှာ လူတွေ နေထိုင်လာတာ မျိုးဆက် အများကြီး ရှိပြီ။
SINNA 12,Lesson 12,သင်ခန်းစာ ၁၂
Kei zong sang ka kah hi.,I also go to school.,ကျွန်တော်လည်း ကျောင်းတက်တယ်။
Tokhom ah ka tu hi.,I sit on the chair.,ကျွန်တော် ကုလားထိုင်ပေါ်မှာ ထိုင်တယ်။
Zolo-ah vom a ta hi.,Bears run in the high mountains.,တောင်ပေါ်မှာ ဝက်ဝံ ပြေးတယ်။
Tang laka lopate kibot hi.,Weeds in the paddy field are pulled out.,စပါးခင်းထဲက ပေါင်းပင်တွေကို နုတ်တယ်။
Kongka lai-ah ding kei in.,Do not stand in the doorway.,တံခါးဝမှာ မရပ်ပါနဲ့။
"Sakol in, a topa a thei hi.",The horse knows its master.,မြင်းက သူ့သခင်ကို သိတယ်။
"Siapa in, 'Hong pai in', a ci hi.","The teacher says, 'Come here.'",ဆရာက 'ဒီကိုလာပါ' လို့ ပြောတယ်။
Siapa thudotna theihnop ka sa hi.,I am interested in the teacher's question.,ဆရာ့မေးခွန်းကို ငါ စိတ်ဝင်စားတယ်။
Inn nuai-ah vok khawi a hoih kei hi.,It is not good to raise pigs under the house.,အိမ်အောက်မှာ ဝက်မွေးတာ မကောင်းဘူး။
"I pute, i pate in dol innka a dawh uh hi.",Our ancestors built wooden verandas.,ငါတို့ ဘိုးဘွားတွေက သစ်သား လသာဆောင် ဆောက်ခဲ့တယ်။
SINNA 13,Lesson 13,သင်ခန်းစာ ၁၃
"Lum baih in la, tho baih in.",Sleep early and wake up early.,စောစောအိပ်ပြီး စောစောထပါ။
Lungtang khat tek i nei hi.,We each have one heart.,ငါတို့အားလုံးမှာ နှလုံးသားတစ်ခုစီ ရှိတယ်။
Sazuk ki zatui in kizang hi.,Deer antlers are used as medicine.,သမင်ဂျိုကို ဆေးအဖြစ် သုံးတယ်။
"Ngakhuk to a, nga a khawi hi.",He digs a fish pond and breeds fish.,သူက ငါးကန်တူးပြီး ငါးမွေးတယ်။
"Bukkhuh vei a, a khuh niloh hi.",He caught a cold and coughs continuously.,သူ အအေးမိပြီး အဆက်မပြတ် ချောင်းဆိုးတယ်။
Nailung panin naikhau kingah hi.,Rubber thread is obtained from rubber sap.,ရာဘာစေးကနေ ရာဘာကြိုး ရတယ်။
Lai ka sin zawh kum nih pha hi.,I have been studying for two years.,ငါ စာသင်နေတာ နှစ်နှစ်ရှိပြီ။
Tedim gam ah khua tampi a om hi.,There are many villages in the Tedim region.,တီးတိန်နယ်မှာ ရွာတွေ အများကြီး ရှိတယ်။
Tembul a kip nangin gip tawh kibulh hi.,The knife handle is secured with a ring.,ဓားရိုးကို ခိုင်အောင် ကွင်းနဲ့ စွပ်ထားတယ်။
Pilna in ngun le kham sang in hoih zaw hi.,Wisdom is better than silver and gold.,ပညာသည် ငွေနှင့် ရွှေထက် ပို၍ ကောင်းမြတ်သည်။
SINNA 14,Lesson 14,သင်ခန်းစာ ၁၄
Na laibu na dawm in.,Hold your book gently.,မင်းရဲ့စာအုပ်ကို သေချာကိုင်ပါ။
Biakinn ah ka kikhawm uh hi.,We worship at the church.,ကျွန်တော်တို့ ဘုရားကျောင်းမှာ ဝတ်ပြုတယ်။
Lawmthot in tangham ka bot uh hi.,"With friends, we pull out the hard weeds.",သူငယ်ချင်းတွေနဲ့အတူ ပေါင်းပင်တွေကို နုတ်တယ်။
Naupangte in bawng a hawl uh hi.,The children herd the cows.,ကလေးတွေက နွားကျောင်းတယ်။
A migite in lawm tampi a nei uh hi.,Good people have many friends.,လူကောင်းတွေမှာ သူငယ်ချင်း အများကြီး ရှိတယ်။
Ka pa in tang seu sawmnga a la hi.,My father takes fifty bundles of paddy.,ငါ့အဖေက စပါး အစည်း ငါးဆယ် ယူတယ်။
Inn lai bawl ding phawk tawntung in.,Always remember to do housework.,အိမ်အလုပ်လုပ်ဖို့ အမြဲ သတိရပါ။
Cimawhte huhna in thupha bawlna ahi hi.,Helping the needy is doing a blessing.,ဆင်းရဲနွမ်းပါးသူတွေကို ကူညီတာဟာ ကောင်းမှုကုသိုလ် ပြုတာဖြစ်တယ်။
Bawlung kidemna-ah ko pawl in ka zo uh hi.,Our team won the football match.,ဘောလုံးပြိုင်ပွဲမှာ ကျွန်တော်တို့အသင်း နိုင်တယ်။
Kawlgam ah minam lian giat a om hi.,There are eight major ethnic groups in Myanmar.,မြန်မာနိုင်ငံမှာ တိုင်းရင်းသားလူမျိုးကြီး ရှစ်စု ရှိတယ်။
SINNA 15,Lesson 15,သင်ခန်းစာ ၁၅
Ka ni-in ka nu sam a hiatsak hi.,My aunt combs my mother's hair.,ငါ့အဒေါ်က ငါ့အမေရဲ့ ဆံပင်ကို ဖြီးပေးတယ်။
Meikiang ah niangbel a om hi.,There is a teapot near the fire.,မီးဖိုနားမှာ ရေနွေးကရား ရှိတယ်။
Lo lai-ah an le kiak pokhawmin a dum hi.,"In the field, crops and weeds grow together greenly.",လယ်ကွင်းထဲမှာ ကောက်ပဲသီးနှံနဲ့ ပေါင်းပင်တွေ စိမ်းလန်းစွာ ပေါက်နေတယ်။
Nidang lai-in khua sim-ah siampi a om ciat hi.,"In the past, there was a priest in every village.",အရင်တုန်းက ရွာတိုင်းမှာ နတ်ဆရာ တစ်ယောက်စီ ရှိတယ်။
A kipat cil-in Pasian in vantung le leitung a piangsak hi.,"In the beginning, God created the heaven and the earth.",အစအဦး၌ ဘုရားသခင်သည် ကောင်းကင်နှင့် မြေကြီးကို ဖန်ဆင်းတော်မူ၏။
"Khuakhal ciangin guntui kiam a, kingap thei hi.","In the dry season, the river water decreases and can be waded.",နွေရာသီမှာ မြစ်ရေကျပြီး ဖြတ်ကူးလို့ရတယ်။
Zanggam ah tui tam a hi manin inn a niam kilam lo hi.,"In the plains, because of abundant water, houses are not built low.",မြေပြန့်ဒေသမှာ ရေများလို့ အိမ်တွေကို အနိမ့် မဆောက်ကြဘူး။
"Lo khote in tuk lai-in lo giok uh a, lo a hial zo uh hi.",The farmers weed during the rainy season and finish weeding the field.,တောင်သူတွေ မိုးရာသီမှာ ပေါင်းသင်ပြီး လယ်လုပ်ငန်း ပြီးစီးကြတယ်။
Singkung in hiang tampi a nei hi.,The tree has many branches.,သစ်ပင်မှာ သစ်ကိုင်း အများကြီး ရှိတယ်။
Kawlte in naidial a khim uh hi. Zomite in saihadial a khim uh hi.,Burmeses wear turbans. Zomi wear traditional turbans.,ဗမာလူမျိုးတွေက ခေါင်းပေါင်း ပေါင်းကြတယ်။ ဇိုလူမျိုးတွေက ရိုးရာခေါင်းပေါင်း ပေါင်းကြတယ်။
SINNA 16,Lesson 16,သင်ခန်းစာ ၁၆
Aklui nisim in thumvei a khuang hi.,The rooster crows three times every day.,ကြက်ဖက နေ့တိုင်း သုံးကြိမ် တွန်တယ်။
"Ka nau a gilna a, a luaksuak hi.",My younger sibling has a stomachache and feels like vomiting.,ကျွန်တော့် ညီ/ညီမ ဗိုက်နာပြီး အန်ချင်နေတယ်။
Khuakhal lai-in sa a muat baih deuh hi.,"In the dry season, meat spoils more easily.",နွေရာသီမှာ အသား ပိုအလွယ်တကူ ပုပ်သိုးတယ်။
"Ka ui in cithak vei a, a kikhuat hi.",My dog has an itch and scratches itself.,ငါ့ခွေးက ယားနာဖြစ်ပြီး သူ့ကိုယ်သူ ကုတ်နေတယ်။
Galkapte a thuang a thuangin a pai uh hi.,The soldiers march in formation.,စစ်သားတွေ တန်းစီပြီး ချီတက်ကြတယ်။
Na huan ah vaimim a gau nai hiam?,Is the corn in your garden dry yet?,မင်းရဲ့ ခြံထဲက ပြောင်းဖူးတွေ ခြောက်ပြီလား။
Khual ka zin laitak in ka lung a zuang hi.,"While traveling, I feel homesick.",ခရီးသွားနေတုန်း ငါ အိမ်လွမ်းတယ်။
"Ka neu lai-in ka nu ka muang a, ka pa ka suang hi.","When I was young, I trusted my mother and relied on my father.",ငါ ငယ်ငယ်တုန်းက ငါ့အမေကို ယုံကြည်ပြီး ငါ့အဖေကို အားကိုးခဲ့တယ်။
"Sun niloh in guah na thuak leh, na ci na-in ka um hi.","If you are in the rain all day, I think you will get sick.",တစ်နေ့လုံး မိုးမိရင် မင်း နေမကောင်းဖြစ်မယ်လို့ ငါထင်တယ်။
Ka innkuan 'n an ka nekkhit uh ciangin lo ka kuan pah uh hi.,"After my family eats, we immediately go to the field.",ငါ့မိသားစု ထမင်းစားပြီးတာနဲ့ လယ်ထဲ ချက်ချင်းသွားတယ်။
SINNA 17,Lesson 17,သင်ခန်းစာ ၁၇
Buh a kuai zo hi.,The paddy is already bent (ripe).,စပါးတွေ မှည့်ပြီး ညွတ်နေပြီ။
Ka zuau ngei kei hi.,I never lie.,ငါ ဘယ်တော့မှ လိမ်မပြောဘူး။
Mi hoihte a it huai hi.,Good people are lovable.,လူကောင်းတွေက ချစ်ဖို့ကောင်းတယ်။
Lung duaina in zawhna hi.,Patience is victory.,စိတ်ရှည်ခြင်းဟာ အောင်မြင်ခြင်းပဲ။
Ka nau luai ah ka vei hi.,I swing my younger sibling in the cradle.,ငါ့ညီ/ညီမကို ပုခက်ထဲမှာ လွှဲပေးတယ်။
Ka nu in ka pa a huau hi.,My mother supports/consoles my father.,ငါ့အမေက ငါ့အဖေကို နှစ်သိမ့်/ထောက်ပံ့ပေးတယ်။
Sia in tui tawipa a guai hi.,The teacher scolds the water carrier.,ဆရာက ရေခပ်သမားကို ဆူပူတယ်။
Inn nuai ah khuai a khawi hi.,He keeps bees under the house.,သူ အိမ်အောက်မှာ ပျားမွေးတယ်။
Khuai in kha nih a nei hi.,The bee has two wings.,ပျားမှာ အတောင်ပံ နှစ်ခု ရှိတယ်။
Zawhngeu in mi a phuai thei hi.,A cat can scratch people.,ကြောင်က လူကို ကုတ်တတ်တယ်။
NAU OIH LA,LULLABY,သားချော့တေး
"Nau aw, hong khang mengmeng aw,","Baby, grow up quickly,",ကလေးလေး၊ မြန်မြန် ကြီးပြင်းလာပါ၊
"Huan a, maidawng hong bang aw,","Like a pumpkin sprout in the garden,",ခြံထဲက ဖရုံညွန့်လေးလို၊
"Huan a maidawng bat zawh ciang,","When the pumpkin sprout reaches the fence,",ဖရုံညွန့် ခြံစည်းရိုးကို ရောက်တဲ့အခါ၊
"Nu tha dawn aw, tuai aw e.","Help your mother, little one.",အမေ့ကို ကူညီပါ၊ ကလေးလေး။
"Nu tha na dawn zawh ciangin,","After you help your mother,",အမေ့ကို ကူညီပြီးတဲ့အခါ၊
"Sak a, singkang va kuai aw.",Go and pull the dry wood above.,အပေါ်က ထင်းခြောက် သွားဆွဲပါ။
"Sak a singkang kuaih zawh ciang,","After pulling the dry wood above,",ထင်းခြောက် ဆွဲပြီးတဲ့အခါ၊
"Pa tha khek aw, nau aw e.","Take your father's place, little one.",အဖေ့နေရာကို အစားထိုးပါ၊ ကလေးလေး။
"Pa tha na khek zawh ciangin,","After you take your father's place,",အဖေ့နေရာကို အစားထိုးပြီးတဲ့အခါ၊
Utna gamah va vak aw.,Wander to the land you desire.,မင်းသွားချင်တဲ့ နေရာကို သွားပါ။
"Utna gamah vak hangin,","Even if you wander to the land you desire,",မင်းသွားချင်တဲ့ နေရာကို သွားပေမယ့်၊
Kuamah'n bangmah pia sam lo.,No one will give you anything.,ဘယ်သူမှ မင်းကို ဘာမှ ပေးမှာမဟုတ်ဘူး။
"Kuamah'n bangmah pia takeh,","Even if no one gives you anything,",ဘယ်သူမှ မင်းကို ဘာမှ မပေးပေမယ့်၊
Eima luitang san singseng.,Our own river source is bright red.,ကိုယ့်မြစ်ဖျားက ရဲရဲတောက်။
"Va en leng lah san singseng,","If we go and look, it's bright red,",သွားကြည့်ရင်လည်း ရဲရဲတောက်၊
Va la leng lah puam ilial.,"If we go and take, it's plump and soft.",သွားယူရင်လည်း ဖောင်းအိနေတယ်။
Kua ning neekin a pha hiam?,Whose food is better?,ဘယ်သူ့အစားအစာက ပိုကောင်းလဲ။
Pisei ning neek tak mawk teng.,Only the grandmother's food is good.,အဘွားရဲ့ အစားအစာကပဲ ကောင်းတယ်။
"Pisei ning neek mawk teng aw,","Grandmother's food, oh,",အဘွားရဲ့ အစားအစာလေးကို၊
Zu in va in tu diamdiam.,Go drink wine and sit quietly.,သွားပြီး အရက်သောက်၊ ငြိမ်ငြိမ်လေးထိုင်ပါ။
SINNA 18,Lesson 18,သင်ခန်းစာ ၁၈
Ka ton khawm liailiai uh hi.,We go together hand in hand.,ငါတို့ အတူတူ သွားကြတယ်။
Akno a ham ciauciau hi.,The chick chirps constantly.,ကြက်ပေါက်စ တွတ်တွတ် မြည်တယ်။
La a sa khawm ziaiziai uh hi.,They sing songs together continuously.,သူတို့ အတူတူ သီချင်းဆိုကြတယ်။
Huih dam a nung hiauhiau hi.,A gentle breeze blows softly.,လေညင်းလေး သာသာ တိုက်တယ်။
Kamsia sial líau kici hi.,Paying a fine for bad words is called 'sial liau'.,မကောင်းတဲ့စကားအတွက် ဒဏ်ကြေးပေးတာကို 'sial liau' လို့ခေါ်တယ်။
Laileng a kia suk diaidiai hi.,The kite flies down slowly.,စွန်က ဖြည်းဖြည်းချင်း ကျဆင်းလာတယ်။
Phiaukawi in buh a at hi.,The curved sickle reaps the paddy.,တံစဉ်ကောက်နဲ့ စပါးရိတ်တယ်။
Gunpiau zangah leibe kiciing hi.,Beans are planted on the riverbank plain.,မြစ်ကမ်းစပ် မြေပြန့်မှာ ပဲစိုက်တယ်။
A han la sak ka gal zak ciaiciai hi.,I hear their loud singing from afar.,သူတို့ ကျယ်လောင်စွာ သီချင်းဆိုနေတာကို အဝေးကနေ ငါကြားရတယ်။
"Khua khal ta a, tui a kiam hiaihiai hi.","The dry season has come, and the water is slowly receding.",နွေရာသီ ရောက်လာပြီး ရေတွေ ဖြည်းဖြည်းချင်း ကျသွားတယ်။
SINNA 19 - NAUPANG LE UIPHUK TANGTHU,Lesson 19 - The Story of the Children and the Frogs,သင်ခန်းစာ ၁၉ - ကလေးများနှင့် ဖား ပုံပြင်
"Khatvei, naupangte bualtui gei khatah a mawl uh hi.","Once, children were playing near a puddle.",တစ်ခါတုန်းက၊ ကလေးတွေ ရေအိုင်နားမှာ ကစားနေကြတယ်။
Tua bual sungah uiphuk tampi a om hi.,There were many frogs in that puddle.,အဲဒီရေအိုင်ထဲမှာ ဖားတွေ အများကြီး ရှိတယ်။
Tua uiphukte a ham uh hi.,The frogs were croaking.,အဲဒီဖားတွေက အော်နေကြတယ်။
Naupangte in uiphuk ham a zak uh ciangin tui sung suangin a deng uh hi.,"When the children heard the frogs croaking, they threw stones into the water.",ကလေးတွေက ဖားအော်သံကို ကြားတဲ့အခါ ရေထဲကို ခဲလုံးတွေနဲ့ ပစ်ပေါက်ကြတယ်။
Suangin a den' uh ciangin uiphuk tampi a khalum uh hi.,"By throwing stones, they killed many frogs.",ခဲလုံးနဲ့ ပစ်ပေါက်တဲ့အတွက် ဖားတွေ အများကြီး သေကုန်တယ်။
"Tua ciangin uiphuk mangpa in, 'Suangin hong deng kei un,' a ci hi.","Then the frog king said, 'Do not throw stones at us.'",အဲဒီအခါ ဖားဘုရင်က 'ခဲနဲ့ မပေါက်ပါနဲ့' လို့ ပြောတယ်။
"Naupangte in, 'Ka mawlna uh hi,' a ci uh hi.","The children said, 'It is our play.'",ကလေးတွေက 'ဒါ ငါတို့ကစားတာပါ' လို့ ပြောတယ်။
"Tua ciangin uiphuk mangpa in, 'Nau-pangte aw, mi dangte heh nading le a sih nadingin kimawl kei un. Saipi-in kel mawlpih leh kelin a thuak zo kei ding hi,' a cih khit ciangin tui sungah a lut suk hi.","Then the frog king said, 'Oh children, do not play in a way that causes anger and death to others. If an elephant plays with a goat, the goat cannot endure it,' and after saying this, he went down into the water.",အဲဒီအခါ ဖားဘုရင်က 'ကလေးတို့၊ တခြားသူတွေ ဒေါသထွက်စေဖို့နဲ့ သေစေဖို့ မကစားကြပါနဲ့။ ဆင်က ဆိတ်နဲ့ ကစားရင် ဆိတ်က ခံနိုင်မှာ မဟုတ်ဘူး' လို့ ပြောပြီး ရေထဲ ဆင်းသွားတယ်။
SINNA 20 - SUMKUANG LE BILPI TANGTHU,Lesson 20 - The Story of the Snail and the Rabbit,သင်ခန်းစာ ၂၀ - ခရုနှင့် ယုန် ပုံပြင်
"Nikhat, bilpi le sumkuang khat a kimu uh hi.","One day, a rabbit and a snail met.",တစ်နေ့တွင် ယုန်နှင့် ခရုတို့ တွေ့ဆုံကြတယ်။
"Bilpi-in, 'Lawm sumkuang aw, lampai na hat kei hi,' ci-in a zahko hi.","The rabbit mocked, 'Friend snail, you are not fast at walking.'",ယုန်က 'သူငယ်ချင်း ခရု၊ မင်း လမ်းလျှောက်တာ မမြန်ဘူးနော်' ဟု လှောင်ပြောင်ခဲ့တယ်။
"Sumkuang in, 'Tai kidem ni, ke'n nang hong kihta ke'ng,' a ci hi.","The snail said, 'Let's have a running race, I am not afraid of you.'",ခရုက 'အပြေးပြိုင်ရအောင်၊ ငါ မင်းကို မကြောက်ဘူး' ဟု ပြောတယ်။
"Bilpi-in, 'Kidem mah ve ni e,' a ci hi.","The rabbit said, 'Let's indeed race.'",ယုန်က 'ပြိုင်ကြတာပေါ့' ဟု ပြောတယ်။
A zingciangin bilpi le sumkuang tai a kidem uh hi.,"The next morning, the rabbit and the snail raced.",နောက်တစ်နေ့ မနက်တွင် ယုန်နှင့် ခရုတို့ အပြေးပြိုင်ကြတယ်။
Bilpi manlang takin a tai hi. Sumkuang ahi leh khawl loin damdamin a pai hi.,"The rabbit ran very fast. As for the snail, he went slowly without stopping.",ယုန်သည် အလွန်မြန်မြန် ပြေးသွားတယ်။ ခရုကတော့ မရပ်မနား ဖြည်းဖြည်းချင်း သွားတယ်။
Lopa pona khatah bilpi a tun ciangin sumkuang ngak dingin tawlkhat a ihmu hi.,"When the rabbit reached a grassy area, he slept for a while to wait for the snail.",ယုန်သည် မြက်ခင်းပြင်သို့ ရောက်သောအခါ ခရုကို စောင့်ရန် ခဏအိပ်လိုက်တယ်။
A khanlawh ciangin manlang takin a taikik hi. Ahi hangin sumkuang a kiciamna mun uh a na tung zo hi.,"When he woke up, he ran quickly again. However, the snail had already reached their agreed destination.",သူ နိုးလာသောအခါ အမြန်ပြန်ပြေးတယ်။ သို့သော် ခရုသည် သူတို့သဘောတူထားသော နေရာသို့ ရောက်နေပြီ ဖြစ်တယ်။
Tua mah tawh kibangin thanuamte in thadahte a zozaw tawntung uh hi.,"Similarly, the diligent always win over the lazy.",အလားတူပင်၊ ဝီရိယရှိသူများသည် ပျင်းရိသူများကို အမြဲ အနိုင်ရလေ့ရှိတယ်။
Bilpi le sumkuang tai kidemna na ciamteh un.,Take note of the rabbit and snail's race.,ယုန်နှင့် ခရုတို့၏ အပြေးပြိုင်ပွဲကို မှတ်သားထားပါ။
Bilpi a hat mahmah hangin a thadah hi. Sumkuang ahi leh a hatloh hangin a hahkat hi.,"Although the rabbit is very fast, he is lazy. As for the snail, although he is not fast, he is diligent.",ယုန်သည် အလွန်မြန်သော်လည်း ပျင်းရိတယ်။ ခရုကတော့ မမြန်သော်လည်း ကြိုးစားတယ်။
Sumkuang sangin bilpi nakpi-in a hatzaw hi. Ahi hangin sumkuang in a zo hi.,"The rabbit is much faster than the snail. However, the snail won.",ယုန်သည် ခရုထက် အများကြီး ပိုမြန်တယ်။ သို့သော် ခရုက အနိုင်ရခဲ့တယ်။
SINNA 21 - NAUPANG LE BELPI THU,Lesson 21 - The Story of the Child and the Pot,သင်ခန်းစာ ၂၁ - ကလေးနှင့် အိုးကြီး ပုံပြင်
"Khatvei, naupang khatin belpi gong-gek khat a mu hi.","Once, a child saw a narrow-necked pot.",တစ်ခါတုန်းက ကလေးတစ်ယောက် လည်ပင်းကျဉ်းတဲ့ အိုးတစ်လုံးကို တွေ့တယ်။
Tua belpi sungah hai min pum sagih a om hi.,"Inside that pot, there were seven ripe mangoes.",အဲဒီအိုးထဲမှာ သရက်သီးမှည့် ခုနစ်လုံး ရှိတယ်။
Naupangin bel sung sawkin hai min a la hi.,The child reached into the pot and took the ripe mangoes.,ကလေးက အိုးထဲ လက်နှိုက်ပြီး သရက်သီးမှည့်ကို ယူတယ်။
Lak khatin pum nih la ahi manin belgongah a khut a thawl zo kei hi.,"Because he took two mangoes at a time, his hand could not get through the pot's neck.",တစ်ကြိမ်တည်း နှစ်လုံးယူတဲ့အတွက် သူ့လက်က အိုးလည်ပင်းကနေ ထွက်မလာနိုင်ဘူး။
"Tua ciangin a kiang a, dingpa in, 'Hai pum nih a, na lak leh na khut a thawl zo kei ding hi, Pum khat khatin la leteh a thawl zo bek ding hi,' ci-in a hilh hi.","Then a man standing nearby told him, 'If you take two mangoes, your hand will not be able to get out. If you take them one by one, it will come out.'",အဲဒီအခါ အနားမှာရပ်နေတဲ့ လူတစ်ယောက်က 'သရက်သီး နှစ်လုံးယူရင် မင်းလက် ထွက်လာနိုင်မှာ မဟုတ်ဘူး။ တစ်လုံးချင်း ယူမှ ထွက်လာနိုင်မယ်' လို့ ပြောပြတယ်။
"Tua mipa cih bangin naupangin pum khat khatin la a, a vekpi-in a lakhin thei hi. Tua naupangin a kiang a, dingpa cih bangin la kei leh khatbeek la thei loin, haimin a nekha kei ding hi.","Following that man's advice, the child took them one by one and could take them all out. If that child hadn't followed the advice of the man standing nearby, he wouldn't have been able to take even one and wouldn't have eaten the ripe mangoes.",အဲဒီလူ ပြောတဲ့အတိုင်း ကလေးက တစ်လုံးချင်းယူတော့ အကုန်လုံးကို ထုတ်ယူနိုင်သွားတယ်။ အဲဒီကလေးသာ အနားမှာရပ်နေတဲ့ လူပြောတဲ့အတိုင်း မလုပ်ဘူးဆိုရင် တစ်လုံးမှ ယူနိုင်မှာမဟုတ်ဘဲ သရက်သီးမှည့်ကို စားရမှာ မဟုတ်ဘူး။
SINNA 22 - KEIVOM LE TUUNO TANGTHU,Lesson 22 - The Story of the Bear and the Lamb,သင်ခန်းစာ ၂၂ - ဝက်ဝံနှင့် သိုးကလေး ပုံပြင်
Khatvei keivom khatin lui khatah tui a dawn leh tuuno khat a vapai hi.,"Once, a bear was drinking water in a river and a lamb came.",တစ်ခါတုန်းက မြစ်တစ်ခုမှာ ဝက်ဝံတစ်ကောင် ရေသောက်နေတုန်း သိုးကလေးတစ်ကောင် ရောက်လာတယ်။
"Keivomin, 'Heih, tuuno, ka tuidawn lai hong nin sak ke'n,' a ci hi.","The bear said, 'Hey, lamb, don't make my drinking water dirty.'",ဝက်ဝံက 'ဟေ့ သိုးကလေး၊ ငါ သောက်မယ့်ရေကို မညစ်ပတ်စေနဲ့' လို့ ပြောတယ်။
"Tuuno in, 'Topa aw, na tuidawn ka ninsak kei hi. Nang' kiang pan kei' kiang lamah tui hong luang suk zaw hi,' a ci hi.","The lamb said, 'My lord, I am not making your drinking water dirty. The water flows down from your side to my side.'",သိုးကလေးက 'သခင်၊ သင့်ရေကို ကျွန်တော် မညစ်ပတ်စေပါဘူး။ ရေက သင့်ဘက်ကနေ ကျွန်တော့်ဘက်ကို စီးကျလာတာပါ' လို့ ပြောတယ်။
"Keivom in, 'Himah hi, ahi hangin nikum in kei nong zah ko a, nong bawlsia hi. Tu in nang kong keilum ding hi,' a ci hi.","The bear said, 'That is true, but last year you mocked me and insulted me. Now I will bite you to death.'",ဝက်ဝံက 'ဒါမှန်တယ်၊ ဒါပေမယ့် မနှစ်က မင်း ငါ့ကို လှောင်ပြောင်ပြီး စော်ကားခဲ့တယ်။ အခု မင်းကို ငါကိုက်သတ်မယ်' လို့ ပြောတယ်။
"Tuuno in, 'Topa aw, nikumin kei ka suak nai kei hi. Ka suahzawh kumkhat a pha nai kei hi,' a ci hi.","The lamb said, 'My lord, I was not even born last year. I am not even one year old yet.'",သိုးကလေးက 'သခင်၊ မနှစ်က ကျွန်တော် မမွေးသေးပါဘူး။ ကျွန်တော် မွေးတာ တစ်နှစ်တောင် မပြည့်သေးပါဘူး' လို့ ပြောတယ်။
"Keivomin, 'Nang na hi kei leh na pa hiding hi,' ci-in tuuno keilumin a ne hi.","The bear said, 'If it was not you, it must have been your father,' and he bit the lamb to death and ate it.",ဝက်ဝံက 'မင်းမဟုတ်ရင် မင်းအဖေ ဖြစ်ရမယ်' လို့ပြောပြီး သိုးကလေးကို ကိုက်သတ်စားလိုက်တယ်။
"I mawhna hong zong nuamte, i kisut, i ki-phel hangin noptuamna om lo hi.","To those who want to find fault with us, even if we explain and justify ourselves, it is of no use.",ကျွန်ုပ်တို့ရဲ့ အပြစ်ကို ရှာချင်သူတွေအတွက် ကျွန်ုပ်တို့ ရှင်းပြ၊ ဖြေရှင်းပေမယ့် အကျိုးမရှိပါဘူး။
SINNA 23 - A THUMANG NAUPANG TANGTHU,Lesson 23 - The Story of the Obedient Child,သင်ခန်းစာ ၂၃ - စကားနားထောင်သော ကလေး ပုံပြင်
"Lian Za Mung in amah sanga, a u zawte a zahtak hi.",Lian Za Mung respects those who are older than him.,လျန်ဇမုန်သည် သူ့ထက် အသက်ကြီးသူများကို ရိုသေလေးစားတယ်။
"Nikhat, tuikhuk kiangah a kimawl hi.","One day, he was playing near a well.",တစ်နေ့တွင် သူသည် ရေတွင်းနားမှာ ကစားနေတယ်။
"Tua tuikhuk kiangah Pau Za Mung vapai a, Lian Za Mung tuisuakin a sawl hi.",Pau Za Mung came to that well and asked Lian Za Mung to draw water.,ပေါင်ဇမုန်သည် ထိုရေတွင်းနားသို့ လာပြီး လျန်ဇမုန်ကို ရေခပ်ခိုင်းတယ်။
Lian Za Mung in tuisuakin a pia hi.,Lian Za Mung drew water and gave it to him.,လျန်ဇမုန်သည် ရေခပ်ပေးခဲ့တယ်။
"Pau Za Mung in tui a dawnkhit ciangin, 'Ka lungdam mahmah hi. Ka thu hong mang na hi manin ka nuam hi. A thumang naupang na hi hi,' ci-in a phat hi.","After Pau Za Mung drank the water, he praised him saying, 'I am very happy. I am glad because you listened to me. You are an obedient child.'",ပေါင်ဇမုန်က ရေသောက်ပြီးနောက် 'ငါ အရမ်းဝမ်းသာတယ်။ ငါ့စကား နားထောင်လို့ ငါ ပျော်တယ်။ မင်းက စကားနားထောင်တဲ့ ကလေးပဲ' လို့ ချီးမွမ်းတယ်။
"Tua khit ciangin, 'Na hau mahmah inla, na ci, na lu damta hen.Kum sawtpi na nungta in,'ci-in thupha a pia hi.","After that, he gave a blessing, 'May you be very wealthy, and may you be healthy. May you live a long life.'",အဲဒီနောက် 'မင်း အရမ်းချမ်းသာပြီး ကျန်းမာပါစေ။ သက်တမ်းရှည်စွာ နေရပါစေ' လို့ ကောင်းချီးပေးတယ်။
"Ei sanga, uzawte le i pate zahtakin a thu uh mang lehang i tungah thupha hong tung in i khan a sawt ding hi.","If we respect and obey our elders and parents, blessings will come upon us and our lives will be long.",ကျွန်ုပ်တို့ထက် အသက်ကြီးသူများနဲ့ မိဘများကို ရိုသေလေးစားပြီး စကားနားထောင်ရင် ကျွန်ုပ်တို့အပေါ် ကောင်းချီးရောက်လာပြီး အသက်ရှည်လိမ့်မယ်။
"Eite in zong Lian Za Mung bangin ei sang a, u zawte le i pate zahtakin a thu uh i mang ding hi.","We too, like Lian Za Mung, should respect our elders and parents and obey them.",ကျွန်ုပ်တို့လည်း လျန်ဇမုန်လိုပဲ မိမိထက် အသက်ကြီးသူများနဲ့ မိဘများကို ရိုသေလေးစားပြီး သူတို့စကားကို နားထောင်သင့်တယ်။
SINNA 24 - KAUPHE LEH MIKSI TANGTHU,Lesson 24 - The Story of the Grasshopper and the Ant,သင်ခန်းစာ ၂၄ - နှံကောင်နှင့် ပုရွက်ဆိတ် ပုံပြင်
"Miksi khatin antuah a, a kua sungah a tum, kauphe khatin a mu hi.","An ant was carrying food into its hole, and a grasshopper saw it.",ပုရွက်ဆိတ်တစ်ကောင်က အစာသယ်ပြီး သူ့တွင်းထဲ ဝင်သွားတာကို နှံကောင်တစ်ကောင် တွေ့တယ်။
"Kauphe in, 'Lawm miksi aw, banghangin na sem na hi hiam? Kei mawl bangin kimawl ni.' ci-in a zol hi.","The grasshopper coaxed, 'Friend ant, why are you working? Let's play like I am playing.'",နှံကောင်က 'သူငယ်ချင်း ပုရွက်ဆိတ်၊ ဘာလို့ အလုပ်လုပ်နေတာလဲ။ ငါကစားသလို လာကစားရအောင်' လို့ မြှူဆွယ်တယ်။
"Miksi in, 'Ke'n phalbi ciang a, ka neek ding an ka khol hi. Kei ka mawl man kei ding hi,' a ci hi.","The ant said, 'I am storing food to eat in the winter. I don't have time to play.'",ပုရွက်ဆိတ်က 'ငါက ဆောင်းရာသီမှာ စားဖို့ အစာ စုဆောင်းနေတာ။ ငါ ကစားဖို့ အချိန်မရှိဘူး' လို့ ပြောတယ်။
Phalbi ciangin miksi in anneek ding tampi a nei hi. Ahi hangin kauphe in tangkhat zong a nei kei hi.,"In winter, the ant had plenty of food to eat. But the grasshopper did not even have a single grain.",ဆောင်းရာသီရောက်တော့ ပုရွက်ဆိတ်မှာ စားစရာ အများကြီး ရှိတယ်။ ဒါပေမယ့် နှံကောင်မှာ တစ်စေ့မှ မရှိဘူး။
"Tua ciangin miksi kiangah kauphe vapai a, 'Lawm miksi aw, na an tawmkha beek hong hawm zolo ding na hi hiam?,' ci-in a ngen hi.","Then the grasshopper went to the ant and begged, 'Friend ant, can't you share a little bit of your food with me?'",အဲဒီအခါ နှံကောင်က ပုရွက်ဆိတ်ဆီ သွားပြီး 'သူငယ်ချင်း ပုရွက်ဆိတ်၊ မင်းရဲ့ အစာ နည်းနည်းလောက် ငါ့ကို မဝေပေးနိုင်ဘူးလား' လို့ တောင်းပန်တယ်။
"Miksi-in 'Nang kong piak ding le kei neek ding a kicing kei ding hi. Nang na mawlmawl ta in. Mawlmawl lecin na gil a vah ding hi,' a cihsan hi.","The ant replied, 'There won't be enough to give you and for me to eat. You just keep playing. Playing will fill your stomach.'",ပုရွက်ဆိတ်က 'မင်းကို ပေးဖို့နဲ့ ငါစားဖို့ လုံလောက်မှာ မဟုတ်ဘူး။ မင်း ကစားပဲ ကစားနေလိုက်။ ကစားရင် မင်း ဗိုက်ဝလိမ့်မယ်' လို့ ပြန်ပြောလိုက်တယ်။
"Kauphe le miksi tangthu na ngaihsun in. Thadah kei inla, a hunlap in nakpi-in hahkatin nasem in.","Reflect on the story of the grasshopper and the ant. Do not be lazy, and work very diligently in time.",နှံကောင်နဲ့ ပုရွက်ဆိတ် ပုံပြင်ကို စဉ်းစားပါ။ မပျင်းရိပါနဲ့၊ အချိန်မီ ကြိုးကြိုးစားစား အလုပ်လုပ်ပါ။
SINNA 25 - KHAMTHEIH GUIHTHEIHTE,Lesson 25 - Intoxicants and Narcotics,သင်ခန်းစာ ၂၅ - မူးယစ်ဆေးဝါးနှင့် အရက်သေစာ
"Leitungah nektheih dawntheih tampi a om hi. Tua nate lakah pumpi noptuamna a pia thei a om hi. Tua mah bangin siatna a pia thei zong a om hi. Pumpi a siasak theite: Beng, kanza, zu, zatep tuibuk le dummuamte ahi hi. Hih nate a zang khate a zongsang baih mahmah hi. A zongsang sate a ki-deek kik nading a haksa mahmah hi.","There are many things to eat and drink in the world. Among them, there are things that give benefit to the body. Similarly, there are things that can cause harm. Things that ruin the body are: Opium, marijuana, alcohol, smoking tobacco, and chewing tobacco. Those who use these things get addicted very easily. For those who are addicted, it is very difficult to abstain from them again.",ကမ္ဘာပေါ်မှာ စားစရာ သောက်စရာတွေ အများကြီး ရှိတယ်။ အဲဒီအထဲမှာ ခန္ဓာကိုယ်ကို အကျိုးပြုတဲ့ အရာတွေ ရှိတယ်။ အလားတူပဲ၊ အန္တရာယ်ဖြစ်စေတဲ့ အရာတွေလည်း ရှိတယ်။ ခန္ဓာကိုယ်ကို ပျက်စီးစေတဲ့အရာတွေကတော့- ဘိန်း၊ ကഞ്ചာ၊ အရက်၊ ဆေးလိပ်နဲ့ ကွမ်းစားဆေး တွေဖြစ်တယ်။ ဒီအရာတွေကို သုံးစွဲသူတွေက အရမ်း အလွယ်တကူ စွဲလမ်းသွားတယ်။ စွဲလမ်းသွားသူတွေအတွက် ပြန်လည် ဖြတ်တောက်ဖို့ အရမ်း ခက်ခဲတယ်။
Tua ahi ciangin a zongsa mite in sum tampi a bei uh hi. Sum tampi a bei leh a zawnlawh ding uh hi. A zawnlawh leh a guta ding uh hi. Gutate a zumhuai hi.,"Because of that, addicted people spend a lot of money. If they spend a lot of money, they will become poor. If they become poor, they will steal. Thieves are shameful.",ဒါကြောင့်မို့ စွဲလမ်းသူတွေဟာ ငွေကုန်ကြေးကျ များတယ်။ ငွေကုန်ကြေးကျ များရင် ဆင်းရဲသွားလိမ့်မယ်။ ဆင်းရဲသွားရင် ခိုးဝှက်လိမ့်မယ်။ သူခိုးတွေဟာ ရှက်စရာကောင်းတယ်။
"Tua nate a zang mite a cidam thei kei uh uh hi. Damdam in kiam semsem uh a, genthei pi-in a si uh hi. Tua bang mite a enhuai kei hi. Hih nate na zang kei in.",People who use those things cannot be healthy. They gradually deteriorate and die in misery. Such people are not pleasant to look at. Do not use these things.,အဲဒီအရာတွေကို သုံးစွဲသူတွေဟာ ကျန်းမာရေး မကောင်းနိုင်ဘူး။ သူတို့ဟာ တဖြည်းဖြည်း ယိုယွင်းလာပြီး ဒုက္ခရောက်စွာ သေဆုံးရတယ်။ အဲဒီလိုလူတွေဟာ ကြည့်လို့ မကောင်းဘူး။ ဒီအရာတွေကို မသုံးစွဲပါနဲ့။
SINNA 26 - KA NU THU,Lesson 26 - The Story of My Mother,သင်ခန်းစာ ၂၆ - ကျွန်တော့်အမေအကြောင်း
"Ka nu ka it mahmah hi. Ka suah ma-in ka nu in a gil sungah hong paii hi. Ka suah khit ciangin hong sil a, puanlumin hong tun hi. A angah hong tawi a, nawi hong tepsak hi. Ahi hangin neu lua lai ka hi manin bangmah ka thei nai kei hi.","I love my mother very much. Before I was born, my mother carried me in her womb. After I was born, she bathed me and wrapped me in warm clothes. She held me in her arms and breastfed me. However, because I was too young, I didn't know anything yet.",ကျွန်တော့်အမေကို ကျွန်တော် အရမ်းချစ်တယ်။ ကျွန်တော် မမွေးခင်ကတည်းက အမေက သူ့ဗိုက်ထဲမှာ ကျွန်တော့်ကို လွယ်ထားခဲ့တယ်။ ကျွန်တော် မွေးလာတဲ့အခါ အမေက ကျွန်တော့်ကို ရေချိုးပေးပြီး နွေးထွေးတဲ့ အဝတ်တွေနဲ့ ပတ်ထားပေးတယ်။ အမေက ကျွန်တော့်ကို ရင်ခွင်ထဲမှာ ပွေ့ချီပြီး နို့တိုက်ခဲ့တယ်။ ဒါပေမယ့် ကျွန်တော် အရမ်းငယ်သေးလို့ ဘာမှ မသိသေးဘူး။
"Ka golzawk ciangin ka nu in hong pua hi. Kei nuamtakin ka ihmu hithiat hi. Khat veivei luai sungah hong sial a, lasa in hong awi zel hi.","When I got bigger, my mother carried me on her back. I slept peacefully and quietly. Sometimes she put me in a cradle and sang lullabies to me.",ကျွန်တော် နည်းနည်း ကြီးလာတဲ့အခါ အမေက ကျောပိုးခဲ့တယ်။ ကျွန်တော်ကတော့ အေးချမ်းစွာ အိပ်ပျော်နေခဲ့တယ်။ တစ်ခါတလေ ပုခက်ထဲမှာ ထည့်ပြီး သီချင်းဆို သိပ်ခဲ့တယ်။
"Lam ka pai ciangin ka nu in a khutin hong len a, ka lau kei hi. Lui kan ding a om leh hong kanpih hi. Sang ka kah ciangin ka nu in hong kha hi. Innah ka ciah ciangin kongah hong dawn hi. Innah lai ka sim ciangin ka theihloh a om leh ka nu ka dong hi. Ka nu in lai hong hilh ciangin nuam ka sa diak hi.","When I walked, my mother held my hand, and I was not afraid. If there was a river to cross, she helped me cross it. When I went to school, my mother dropped me off. When I came home, she welcomed me at the door. When I studied at home, if there was something I didn't know, I asked my mother. When my mother taught me, I felt especially happy.",လမ်းလျှောက်တဲ့အခါ အမေက လက်ဆွဲပေးလို့ ကျွန်တော် မကြောက်ခဲ့ဘူး။ မြစ်ကူးစရာရှိရင် အမေက ကူးပေးတယ်။ ကျောင်းသွားတဲ့အခါ အမေက လိုက်ပို့တယ်။ အိမ်ပြန်လာတဲ့အခါ တံခါးဝကနေ ကြိုဆိုတယ်။ အိမ်မှာ စာလုပ်လို့ မသိတာရှိရင် အမေ့ကို မေးတယ်။ အမေက စာသင်ပေးတဲ့အခါ ကျွန်တော် ပိုပြီး ပျော်တယ်။
"Ka nu lo a kuan hi. Sang khak ciangin kei zong ka kuan a, lo ka khawhpih hi. Lo ah tang le vaimim ka ciing uh hi. Innah ka ciah uh ciangin ka nu in ansing a pua hi.","My mother goes to the farm. When school is closed, I also go and help farm the field. We plant paddy and corn in the field. When we come home, my mother carries firewood.",အမေက တောင်ယာ သွားတယ်။ ကျောင်းပိတ်တဲ့အခါ ကျွန်တော်လည်း လိုက်သွားပြီး တောင်ယာ ကူလုပ်တယ်။ တောင်ယာမှာ စပါးနဲ့ ပြောင်းဖူး စိုက်တယ်။ အိမ်ပြန်လာတဲ့အခါ အမေက ထင်းပိုးလာတယ်။
"Ka nu a teek ciangin na a sem zo nawn kei ding hi. Tua ciangin kei le ka ute, ka naute in amah ka vak ding uh hi. Amahin ka nasep ding teng uh hong gen ding a, ka sem ding uh hi. A tawntungin ka lungdamsak ding uh hi. Ka nu thu kamang tawntung ding hi.","When my mother gets old, she will no longer be able to work. Then, my older siblings, younger siblings, and I will take care of her. She will tell us what work to do, and we will do it. We will make her happy forever. I will always obey my mother.",အမေ အသက်ကြီးလာရင် အလုပ် မလုပ်နိုင်တော့ဘူး။ အဲဒီအခါ ကျွန်တော်နဲ့ အစ်ကို အစ်မ၊ ညီ ညီမတွေက အမေ့ကို ပြုစုစောင့်ရှောက်မယ်။ အမေက လုပ်ရမယ့် အလုပ်တွေကို ပြောပြပြီး ကျွန်တော်တို့က လုပ်မယ်။ အမေ့ကို ထာဝရ စိတ်ချမ်းသာအောင် ထားမယ်။ အမေ့စကားကို အမြဲ နားထောင်မယ်။
TANAU KILAWHNA,Kinship Terms,ဆွေမျိုးတော်စပ်မှု အခေါ်အဝေါ်များ
Pate pa leh nute pa - Pu,Father's father and mother's father - Grandfather,အဖေ့အဖေနှင့် အမေ့အဖေ - အဘိုး
Pate nu leh nute nu - Pi,Father's mother and mother's mother - Grandmother,အဖေ့အမေနှင့် အမေ့အမေ - အဘွား
Ka zite Innkuan - Sungtte,My wife's family - In-laws,ကျွန်တော့် ဇနီး၏ မိသားစု - ယောက္ခမဘက်
Ka tanute pasalte - Makte,My daughters' husbands - Sons-in-law,ကျွန်တော့် သမီးများ၏ ခင်ပွန်းများ - သမက်များ
"Pasal, zi ki-unaute - Nuphal",Husband's and wife's sisters/brothers-in-law - Sister/Brother-in-law,လင်နှင့် မယား၏ မောင်နှမများ - ယောက်ဖ/ခဲအို/မရီး
Ka tapa zi - Mo,My son's wife - Daughter-in-law,ကျွန်တော့် သား၏ ဇနီး - ချွေးမ
Ka pa sangam nu - Ni,My father's sister - Aunt,ကျွန်တော့် အဖေ့ညီမ/အစ်မ - အဒေါ်
Ka ni pasal - Gang,My aunt's husband - Uncle,ကျွန်တော့် အဒေါ်၏ ခင်ပွန်း - ဦးလေး
Ka tate ta - Tu,My children's child - Grandchild,ကျွန်တော့် သားသမီးများ၏ ကလေး - မြေး
"Midang, i pu gualte - Pu",Others of our grandfather's age - Grandfather/Elder,အဘိုးအရွယ် အခြားသူများ - အဘိုး
"Midang, i pi gualte - Pi",Others of our grandmother's age - Grandmother/Elder,အဘွားအရွယ် အခြားသူများ - အဘွား
"Midang, i pa gualte - Pa",Others of our father's age - Uncle/Elder,အဖေအရွယ် အခြားသူများ - ဦးလေး
"Midang, i nu gualte - Nu",Others of our mother's age - Aunt/Elder,အမေအရွယ် အခြားသူများ - အဒေါ်
"Midang, i u gualte - U",Others of our older sibling's age - Older brother/sister,အစ်ကို/အစ်မ အရွယ် အခြားသူများ - အစ်ကို/အစ်မ
"Midang, i khangualte - Lawm",Others of our own age - Friend,ကိုယ့်အရွယ် အခြားသူများ - သူငယ်ချင်း
"Midang, uliante - Pu",Other high-ranking/elder people - Sir/Elder,ရာထူးကြီးသူများ/လူကြီးများ - ဆရာ/အကြီးအကဲ
KHAT LAWHNA,Counting / Units,ရေတွက်ခြင်း (ပစ္စည်းပြသင်္ချာ)
Aisa li = Kopkhat,Four crabs = One tie/bunch,ဂဏန်း လေးကောင် = တစ်တွဲ
Bi tel thum = Phuk khat,Three bunches of thatch = One bundle,သက်ငယ် သုံးစည်း = တစ်ထုံး
Bawngleng kai nih = Kap khat,Two cows pulling a cart = One yoke,လှည်းဆွဲနွား နှစ်ကောင် = တစ်ရှဉ်း
Dak thum = Bu khat,Three gongs = One set,မောင်း သုံးလုံး = တစ်စုံ
Innsun nih = Tuah khat,Two threads/strands = One pair/set,ချည်ကြိုး နှစ်ချောင်း = တစ်စုံ
Kam = Mal khat,Word = One letter/word,စကား = တစ်လုံး
Khedap nih = Bu khat,Two shoes = One pair,ဖိနပ် နှစ်ဖက် = တစ်ရံ
La = Dawng khat,Song = One song/piece,သီချင်း = တစ်ပုဒ်
Lo = Cing khat,Field = One plot,တောင်ယာ = တစ်ကွက်
Mawza nih = Bu khat,Two socks = One pair,ခြေအိတ် နှစ်ဖက် = တစ်ရံ
Pathual khat = Tot khat,One string of beads = One strand,ပုတီး တစ်ကုံး = တစ်ကုံး
Suangthu thum = Thuk khat,Three hearth stones = One stove set,မီးဖိုခုံ သုံးခု = မီးဖို တစ်ခု
Sing at mi nih = Kap khat,Two people sawing wood = One team/pair,သစ်ခွဲသမား နှစ်ယောက် = တစ်တွဲ
Tangho tun khat = Phel khat,One roll of thread = One roll,ချည်လုံး တစ်လုံး = တစ်လုံး
Thau = Lawng khat,Gun = One gun/barrel,သေနတ် = တစ်လက်
Thu = Vui khat,Case/Story = One case,အမှု/ကိစ္စ = တစ်ခု
Nupa nih = Kop khat,Two spouses (Husband and wife) = One couple,လင်မယား နှစ်ယောက် = တစ်စုံ/တစ်တွဲ